注文ID,顧客ID(注文),注文日,注文ステータス,販売チャネル,支払方法,配送先都道府県,クーポンコード,小計金額,割引金額,送料,合計金額
O000001,C00125,2025-10-16,配達完了,ウェブ,クレジットカード,愛知県,,27.42,0.00,5.90,33.32
O000002,C00191,2024-02-28,配達完了,ウェブ,クレジットカード,神奈川県,,362.25,0.00,0.00,362.25
O000003,C00259,2024-09-09,配達完了,モバイルアプリ,コンビニ払い,北海道,,914.55,0.00,0.00,914.55
O000004,C00303,2025-05-09,配達完了,ウェブ,銀行振込,千葉県,WELCOME10,82.62,8.26,5.90,80.26
O000005,C00251,2024-07-20,発送済み,モール,スマホ決済,福岡県,FREESHIP,355.36,0.00,0.00,355.36
O000006,C00261,2025-03-08,配達完了,ウェブ,クレジットカード,福岡県,,259.25,0.00,0.00,259.25
O000007,C00294,2025-11-25,配達完了,モバイルアプリ,スマホ決済,神奈川県,,609.65,0.00,0.00,609.65
O000008,C00212,2024-04-23,発送済み,ウェブ,スマホ決済,東京都,VIP20,1192.07,238.41,0.00,953.66
O000009,C00169,2025-03-31,返品済み,モール,クレジットカード,愛知県,,853.33,0.00,0.00,853.33
O000010,C00071,2024-03-31,配達完了,モバイルアプリ,クレジットカード,大阪府,,581.25,0.00,0.00,581.25
O000011,C00190,2025-02-03,配達完了,モバイルアプリ,スマホ決済,大阪府,,1181.40,0.00,0.00,1181.40
O000012,C00241,2025-09-16,配達完了,モバイルアプリ,コンビニ払い,千葉県,,754.90,0.00,0.00,754.90
O000013,C00299,2024-04-05,配達完了,ウェブ,クレジットカード,大阪府,,718.74,0.00,0.00,718.74
O000014,C00002,2024-11-13,配達完了,モバイルアプリ,スマホ決済,北海道,FREESHIP,750.09,0.00,0.00,750.09
O000015,C00310,2024-06-05,配達完了,モバイルアプリ,請求書払い,東京都,,339.79,0.00,0.00,339.79
O000016,C00159,2025-05-23,配達完了,ウェブ,クレジットカード,神奈川県,FREESHIP,1331.10,0.00,0.00,1331.10
O000017,C00182,2024-02-16,配達完了,ウェブ,銀行振込,東京都,,538.42,0.00,0.00,538.42
O000018,C00051,2025-02-01,配達完了,ウェブ,スマホ決済,神奈川県,,1399.52,0.00,0.00,1399.52
O000019,C00232,2025-11-26,配達完了,ウェブ,スマホ決済,北海道,WELCOME10,633.11,63.31,0.00,569.80
O000020,C00082,2025-04-02,配達完了,モバイルアプリ,クレジットカード,東京都,,1400.10,0.00,0.00,1400.10
O000021,C00286,2024-09-16,発送済み,モバイルアプリ,スマホ決済,神奈川県,,597.41,0.00,0.00,597.41
O000022,C00027,2025-07-10,返品済み,モバイルアプリ,スマホ決済,大阪府,,705.39,0.00,0.00,705.39
O000023,C00330,2024-10-31,配達完了,ウェブ,クレジットカード,北海道,WELCOME10,314.12,31.41,0.00,282.71
O000024,C00143,2025-08-20,発送済み,ウェブ,クレジットカード,愛知県,,431.46,0.00,0.00,431.46
O000025,C00157,2024-01-05,配達完了,モール,銀行振込,東京都,WELCOME10,623.04,62.30,0.00,560.74
O000026,C00229,2025-02-20,配達完了,ウェブ,スマホ決済,神奈川県,,991.38,0.00,0.00,991.38
O000027,C00319,2025-08-22,配達完了,モール,クレジットカード,大阪府,FREESHIP,1422.42,0.00,0.00,1422.42
O000028,C00252,2025-09-18,配達完了,ウェブ,クレジットカード,千葉県,WELCOME10,593.49,59.35,0.00,534.14
O000029,C00038,2024-07-03,配達完了,モバイルアプリ,スマホ決済,東京都,,642.35,0.00,0.00,642.35
O000030,C00248,2025-02-05,返品済み,ウェブ,クレジットカード,東京都,,1057.30,0.00,0.00,1057.30
O000031,C00277,2024-11-02,配達完了,ウェブ,クレジットカード,福岡県,,637.82,0.00,0.00,637.82
O000032,C00272,2025-07-28,キャンセル,モール,スマホ決済,東京都,,60.05,0.00,5.90,65.95
O000033,C00188,2025-05-05,配達完了,モバイルアプリ,スマホ決済,福岡県,VIP20,642.73,128.55,0.00,514.18
O000034,C00157,2025-04-13,発送済み,営業担当,クレジットカード,東京都,,1206.95,0.00,0.00,1206.95
O000035,C00198,2025-05-31,配達完了,モール,クレジットカード,千葉県,FREESHIP,70.24,0.00,0.00,70.24
O000036,C00130,2025-01-15,配達完了,営業担当,クレジットカード,北海道,,376.87,0.00,0.00,376.87
O000037,C00248,2025-05-22,配達完了,モバイルアプリ,スマホ決済,東京都,,783.65,0.00,0.00,783.65
O000038,C00140,2025-09-02,配達完了,モバイルアプリ,クレジットカード,愛知県,VIP20,1186.02,237.20,0.00,948.82
O000039,C00023,2025-02-28,配達完了,モバイルアプリ,クレジットカード,千葉県,,672.14,0.00,0.00,672.14
O000040,C00095,2025-02-14,処理中,モール,コンビニ払い,福岡県,B2B5,190.69,9.53,0.00,181.16
O000041,C00259,2025-06-10,配達完了,ウェブ,銀行振込,北海道,,214.13,0.00,0.00,214.13
O000042,C00264,2025-01-15,配達完了,ウェブ,クレジットカード,愛知県,,1335.14,0.00,0.00,1335.14
O000043,C00162,2024-07-08,配達完了,ウェブ,銀行振込,北海道,WELCOME10,649.30,64.93,0.00,584.37
O000044,C00039,2024-04-10,発送済み,ウェブ,銀行振込,千葉県,,172.10,0.00,0.00,172.10
O000045,C00231,2024-03-15,配達完了,ウェブ,銀行振込,千葉県,,370.43,0.00,0.00,370.43
O000046,C00081,2024-10-02,配達完了,ウェブ,銀行振込,東京都,,667.61,0.00,0.00,667.61
O000047,C00244,2024-04-19,配達完了,ウェブ,クレジットカード,東京都,,777.46,0.00,0.00,777.46
O000048,C00311,2024-03-23,配達完了,営業担当,請求書払い,愛知県,B2B5,591.31,29.57,0.00,561.74
O000049,C00174,2025-05-24,処理中,モバイルアプリ,銀行振込,神奈川県,B2B5,621.13,31.06,0.00,590.07
O000050,C00193,2024-11-12,配達完了,モバイルアプリ,クレジットカード,東京都,B2B5,308.94,15.45,0.00,293.49
O000051,C00270,2025-06-17,配達完了,モバイルアプリ,クレジットカード,福岡県,,1406.43,0.00,0.00,1406.43
O000052,C00001,2025-10-25,発送済み,ウェブ,請求書払い,北海道,,524.44,0.00,0.00,524.44
O000053,C00136,2024-09-11,配達完了,ウェブ,スマホ決済,千葉県,,268.53,0.00,0.00,268.53
O000054,C00095,2024-10-06,配達完了,モバイルアプリ,クレジットカード,福岡県,,371.84,0.00,0.00,371.84
O000055,C00237,2024-04-15,配達完了,ウェブ,クレジットカード,東京都,,614.28,0.00,0.00,614.28
O000056,C00328,2024-01-04,配達完了,ウェブ,銀行振込,愛知県,,420.97,0.00,0.00,420.97
O000057,C00287,2025-08-22,配達完了,ウェブ,クレジットカード,北海道,FREESHIP,85.02,0.00,0.00,85.02
O000058,C00311,2025-04-26,配達完了,営業担当,クレジットカード,愛知県,,1281.71,0.00,0.00,1281.71
O000059,C00231,2024-04-13,配達完了,モバイルアプリ,クレジットカード,千葉県,WELCOME10,845.84,84.58,0.00,761.26
O000060,C00170,2025-07-19,配達完了,ウェブ,スマホ決済,神奈川県,B2B5,687.33,34.37,0.00,652.96
O000061,C00217,2024-01-10,キャンセル,モール,スマホ決済,福岡県,,1327.52,0.00,0.00,1327.52
O000062,C00170,2025-02-19,配達完了,モバイルアプリ,クレジットカード,神奈川県,,476.56,0.00,0.00,476.56
O000063,C00077,2025-12-05,キャンセル,ウェブ,請求書払い,大阪府,B2B5,934.49,46.72,0.00,887.77
O000064,C00072,2024-03-13,配達完了,営業担当,銀行振込,福岡県,FREESHIP,935.91,0.00,0.00,935.91
O000065,C00128,2024-04-05,配達完了,営業担当,銀行振込,東京都,,1211.21,0.00,0.00,1211.21
O000066,C00237,2025-04-20,配達完了,ウェブ,クレジットカード,東京都,,53.51,0.00,5.90,59.41
O000067,C00309,2025-07-12,配達完了,ウェブ,スマホ決済,千葉県,,754.67,0.00,0.00,754.67
O000068,C00032,2025-05-20,配達完了,モール,銀行振込,北海道,,584.95,0.00,0.00,584.95
O000069,C00004,2025-01-10,配達完了,ウェブ,コンビニ払い,神奈川県,SPRING15,1343.78,201.57,0.00,1142.21
O000070,C00047,2025-08-09,配達完了,ウェブ,銀行振込,福岡県,,405.27,0.00,0.00,405.27
O000071,C00159,2024-04-29,配達完了,ウェブ,スマホ決済,神奈川県,FREESHIP,1291.87,0.00,0.00,1291.87
O000072,C00131,2025-12-29,配達完了,ウェブ,銀行振込,北海道,,1012.10,0.00,0.00,1012.10
O000073,C00331,2025-12-23,配達完了,ウェブ,クレジットカード,千葉県,,517.74,0.00,0.00,517.74
O000074,C00098,2025-03-03,配達完了,ウェブ,銀行振込,大阪府,VIP20,294.73,58.95,0.00,235.78
O000075,C00345,2024-10-26,配達完了,ウェブ,コンビニ払い,愛知県,FREESHIP,1411.57,0.00,0.00,1411.57
O000076,C00050,2025-06-19,配達完了,モバイルアプリ,コンビニ払い,東京都,,1447.70,0.00,0.00,1447.70
O000077,C00002,2025-11-01,配達完了,ウェブ,銀行振込,北海道,,840.09,0.00,0.00,840.09
O000078,C00294,2025-09-29,処理中,モバイルアプリ,請求書払い,神奈川県,,1238.99,0.00,0.00,1238.99
O000079,C00062,2025-08-11,配達完了,営業担当,クレジットカード,大阪府,,528.64,0.00,0.00,528.64
O000080,C00050,2025-01-09,返品済み,営業担当,スマホ決済,東京都,WELCOME10,472.75,47.28,0.00,425.47
O000081,C00066,2025-03-06,発送済み,モバイルアプリ,銀行振込,神奈川県,WELCOME10,327.25,32.73,0.00,294.52
O000082,C00293,2025-03-01,処理中,ウェブ,クレジットカード,千葉県,,1315.99,0.00,0.00,1315.99
O000083,C00231,2025-11-21,返品済み,モバイルアプリ,クレジットカード,千葉県,VIP20,244.98,49.00,0.00,195.98
O000084,C00086,2024-02-07,発送済み,モバイルアプリ,クレジットカード,大阪府,,1168.09,0.00,0.00,1168.09
O000085,C00285,2025-06-27,配達完了,ウェブ,スマホ決済,東京都,,930.22,0.00,0.00,930.22
O000086,C00303,2024-12-01,処理中,ウェブ,銀行振込,千葉県,SPRING15,1090.64,163.60,0.00,927.04
O000087,C00064,2024-08-29,配達完了,モバイルアプリ,コンビニ払い,北海道,,535.80,0.00,0.00,535.80
O000088,C00350,2025-09-07,配達完了,ウェブ,コンビニ払い,福岡県,WELCOME10,1020.33,102.03,0.00,918.30
O000089,C00208,2024-05-31,配達完了,モール,クレジットカード,東京都,,842.83,0.00,0.00,842.83
O000090,C00231,2024-08-08,配達完了,モール,スマホ決済,千葉県,,835.43,0.00,0.00,835.43
O000091,C00350,2024-08-06,配達完了,ウェブ,銀行振込,福岡県,,933.60,0.00,0.00,933.60
O000092,C00061,2025-06-07,配達完了,モバイルアプリ,クレジットカード,神奈川県,B2B5,156.48,7.82,0.00,148.66
O000093,C00012,2024-08-09,配達完了,ウェブ,銀行振込,大阪府,,532.18,0.00,0.00,532.18
O000094,C00193,2025-07-24,配達完了,モバイルアプリ,スマホ決済,東京都,,275.79,0.00,0.00,275.79
O000095,C00285,2024-09-16,配達完了,ウェブ,スマホ決済,東京都,,326.66,0.00,0.00,326.66
O000096,C00177,2025-11-28,配達完了,ウェブ,スマホ決済,神奈川県,,205.84,0.00,0.00,205.84
O000097,C00293,2024-04-14,配達完了,ウェブ,コンビニ払い,千葉県,,494.75,0.00,0.00,494.75
O000098,C00338,2025-07-13,配達完了,モール,クレジットカード,大阪府,,1386.22,0.00,0.00,1386.22
O000099,C00111,2025-02-18,キャンセル,モバイルアプリ,請求書払い,東京都,,747.56,0.00,0.00,747.56
O000100,C00232,2024-02-06,配達完了,モバイルアプリ,コンビニ払い,北海道,,875.85,0.00,0.00,875.85
O000101,C00123,2025-08-30,発送済み,ウェブ,クレジットカード,東京都,,667.61,0.00,0.00,667.61
O000102,C00075,2025-03-25,配達完了,ウェブ,クレジットカード,東京都,,1391.40,0.00,0.00,1391.40
O000103,C00235,2024-03-21,配達完了,ウェブ,請求書払い,神奈川県,,805.96,0.00,0.00,805.96
O000104,C00341,2025-01-29,配達完了,モバイルアプリ,コンビニ払い,愛知県,,893.46,0.00,0.00,893.46
O000105,C00111,2025-12-14,配達完了,モバイルアプリ,クレジットカード,東京都,,988.32,0.00,0.00,988.32
O000106,C00190,2024-08-29,配達完了,営業担当,クレジットカード,大阪府,WELCOME10,1254.16,125.42,0.00,1128.74
O000107,C00273,2025-11-11,キャンセル,ウェブ,クレジットカード,福岡県,,222.66,0.00,0.00,222.66
O000108,C00205,2024-06-28,配達完了,ウェブ,スマホ決済,北海道,,51.99,0.00,5.90,57.89
O000109,C00055,2025-03-25,配達完了,モバイルアプリ,スマホ決済,神奈川県,B2B5,726.49,36.32,0.00,690.17
O000110,C00333,2024-10-31,配達完了,ウェブ,スマホ決済,千葉県,,269.02,0.00,0.00,269.02
O000111,C00123,2024-10-15,配達完了,営業担当,スマホ決済,東京都,WELCOME10,1322.64,132.26,0.00,1190.38
O000112,C00239,2024-04-13,配達完了,モバイルアプリ,銀行振込,愛知県,,533.81,0.00,0.00,533.81
O000113,C00269,2024-09-04,処理中,ウェブ,クレジットカード,大阪府,,676.11,0.00,0.00,676.11
O000114,C00031,2024-12-06,配達完了,ウェブ,クレジットカード,東京都,,780.51,0.00,0.00,780.51
O000115,C00005,2025-05-27,配達完了,モバイルアプリ,クレジットカード,東京都,,1161.72,0.00,0.00,1161.72
O000116,C00320,2024-02-02,配達完了,ウェブ,スマホ決済,東京都,,457.40,0.00,0.00,457.40
O000117,C00215,2024-03-16,配達完了,モバイルアプリ,クレジットカード,東京都,B2B5,1311.95,65.60,0.00,1246.35
O000118,C00283,2024-11-14,発送済み,モバイルアプリ,銀行振込,北海道,B2B5,126.75,6.34,5.90,126.31
O000119,C00090,2025-09-03,配達完了,ウェブ,クレジットカード,北海道,,861.83,0.00,0.00,861.83
O000120,C00316,2024-09-30,配達完了,営業担当,クレジットカード,神奈川県,,1400.89,0.00,0.00,1400.89
O000121,C00022,2025-06-05,配達完了,モール,コンビニ払い,福岡県,VIP20,429.69,85.94,0.00,343.75
O000122,C00074,2025-05-16,キャンセル,モバイルアプリ,クレジットカード,北海道,,699.56,0.00,0.00,699.56
O000123,C00348,2024-11-04,配達完了,ウェブ,クレジットカード,北海道,,452.34,0.00,0.00,452.34
O000124,C00060,2025-06-29,発送済み,モール,クレジットカード,福岡県,,1156.77,0.00,0.00,1156.77
O000125,C00278,2024-08-12,配達完了,モバイルアプリ,請求書払い,東京都,,340.42,0.00,0.00,340.42
O000126,C00197,2025-08-04,キャンセル,ウェブ,コンビニ払い,愛知県,B2B5,1069.38,53.47,0.00,1015.91
O000127,C00280,2025-06-01,配達完了,ウェブ,スマホ決済,東京都,,247.79,0.00,0.00,247.79
O000128,C00285,2025-08-19,配達完了,モバイルアプリ,スマホ決済,東京都,WELCOME10,722.05,72.20,0.00,649.85
O000129,C00136,2024-09-07,配達完了,ウェブ,コンビニ払い,千葉県,,77.66,0.00,5.90,83.56
O000130,C00344,2025-05-08,配達完了,モバイルアプリ,クレジットカード,千葉県,,1031.31,0.00,0.00,1031.31
O000131,C00295,2024-11-06,配達完了,ウェブ,クレジットカード,千葉県,,1386.91,0.00,0.00,1386.91
O000132,C00012,2025-01-01,キャンセル,ウェブ,コンビニ払い,大阪府,,248.69,0.00,0.00,248.69
O000133,C00019,2024-07-18,配達完了,ウェブ,クレジットカード,東京都,,1161.83,0.00,0.00,1161.83
O000134,C00191,2024-03-16,配達完了,ウェブ,スマホ決済,神奈川県,WELCOME10,518.92,51.89,0.00,467.03
O000135,C00148,2025-01-03,発送済み,モール,スマホ決済,福岡県,WELCOME10,272.50,27.25,0.00,245.25
O000136,C00205,2024-07-24,配達完了,ウェブ,クレジットカード,北海道,,362.45,0.00,0.00,362.45
O000137,C00144,2025-07-22,配達完了,モバイルアプリ,クレジットカード,大阪府,WELCOME10,1245.57,124.56,0.00,1121.01
O000138,C00163,2025-09-20,配達完了,ウェブ,コンビニ払い,大阪府,,146.62,0.00,5.90,152.52
O000139,C00216,2024-08-14,配達完了,モバイルアプリ,クレジットカード,北海道,WELCOME10,63.03,6.30,5.90,62.63
O000140,C00026,2024-12-26,配達完了,モバイルアプリ,コンビニ払い,千葉県,,1243.29,0.00,0.00,1243.29
O000141,C00074,2025-11-24,キャンセル,ウェブ,クレジットカード,北海道,,1414.71,0.00,0.00,1414.71
O000142,C00218,2025-12-24,配達完了,ウェブ,スマホ決済,福岡県,SPRING15,1434.16,215.12,0.00,1219.04
O000143,C00299,2025-07-29,配達完了,モバイルアプリ,銀行振込,大阪府,,50.22,0.00,5.90,56.12
O000144,C00182,2024-07-17,配達完了,ウェブ,クレジットカード,東京都,,787.47,0.00,0.00,787.47
O000145,C00101,2025-11-21,配達完了,ウェブ,スマホ決済,福岡県,,239.38,0.00,0.00,239.38
O000146,C00168,2025-03-21,発送済み,ウェブ,スマホ決済,東京都,WELCOME10,723.61,72.36,0.00,651.25
O000147,C00085,2024-11-21,処理中,営業担当,クレジットカード,大阪府,WELCOME10,280.13,28.01,0.00,252.12
O000148,C00108,2024-06-05,配達完了,モール,銀行振込,東京都,SPRING15,257.03,38.55,0.00,218.48
O000149,C00128,2025-02-28,配達完了,モバイルアプリ,クレジットカード,東京都,,955.76,0.00,0.00,955.76
O000150,C00297,2024-07-05,配達完了,ウェブ,請求書払い,北海道,FREESHIP,490.23,0.00,0.00,490.23
O000151,C00148,2024-10-26,発送済み,モール,コンビニ払い,福岡県,,1175.00,0.00,0.00,1175.00
O000152,C00307,2025-06-01,発送済み,モバイルアプリ,スマホ決済,大阪府,,1382.25,0.00,0.00,1382.25
O000153,C00132,2025-07-14,配達完了,モール,クレジットカード,神奈川県,,1406.51,0.00,0.00,1406.51
O000154,C00280,2024-03-26,返品済み,ウェブ,コンビニ払い,東京都,SPRING15,1439.55,215.93,0.00,1223.62
O000155,C00002,2025-04-06,配達完了,モバイルアプリ,クレジットカード,北海道,WELCOME10,145.55,14.56,5.90,136.89
O000156,C00132,2024-01-12,配達完了,モバイルアプリ,スマホ決済,神奈川県,,274.00,0.00,0.00,274.00
O000157,C00310,2025-02-19,配達完了,ウェブ,クレジットカード,東京都,,289.11,0.00,0.00,289.11
O000158,C00213,2025-10-25,発送済み,モール,銀行振込,福岡県,,1126.61,0.00,0.00,1126.61
O000159,C00133,2025-12-28,配達完了,モバイルアプリ,クレジットカード,東京都,,43.30,0.00,5.90,49.20
O000160,C00189,2025-05-27,配達完了,モバイルアプリ,スマホ決済,東京都,,215.56,0.00,0.00,215.56
O000161,C00279,2025-01-12,配達完了,ウェブ,銀行振込,神奈川県,FREESHIP,709.88,0.00,0.00,709.88
O000162,C00190,2024-08-22,配達完了,営業担当,スマホ決済,大阪府,,834.36,0.00,0.00,834.36
O000163,C00246,2025-04-02,配達完了,ウェブ,銀行振込,大阪府,WELCOME10,1181.52,118.15,0.00,1063.37
O000164,C00162,2024-12-14,配達完了,ウェブ,銀行振込,北海道,,788.75,0.00,0.00,788.75
O000165,C00307,2025-11-30,発送済み,モール,クレジットカード,大阪府,VIP20,27.87,5.57,5.90,28.20
O000166,C00117,2025-03-24,配達完了,モール,クレジットカード,福岡県,,1262.05,0.00,0.00,1262.05
O000167,C00187,2024-09-28,配達完了,ウェブ,スマホ決済,北海道,,1238.88,0.00,0.00,1238.88
O000168,C00025,2024-04-14,配達完了,営業担当,スマホ決済,福岡県,WELCOME10,698.21,69.82,0.00,628.39
O000169,C00227,2025-07-30,配達完了,ウェブ,銀行振込,千葉県,,1124.38,0.00,0.00,1124.38
O000170,C00214,2025-09-02,配達完了,モバイルアプリ,クレジットカード,東京都,FREESHIP,529.16,0.00,0.00,529.16
O000171,C00074,2025-05-23,配達完了,モバイルアプリ,スマホ決済,北海道,,655.94,0.00,0.00,655.94
O000172,C00130,2024-03-30,配達完了,モバイルアプリ,クレジットカード,北海道,,968.51,0.00,0.00,968.51
O000173,C00342,2024-06-11,処理中,ウェブ,スマホ決済,愛知県,,327.22,0.00,0.00,327.22
O000174,C00253,2024-01-31,配達完了,モバイルアプリ,コンビニ払い,大阪府,FREESHIP,1295.09,0.00,0.00,1295.09
O000175,C00218,2024-07-27,キャンセル,ウェブ,銀行振込,福岡県,,719.22,0.00,0.00,719.22
O000176,C00133,2025-01-11,配達完了,ウェブ,クレジットカード,東京都,,1425.31,0.00,0.00,1425.31
O000177,C00264,2025-02-08,配達完了,ウェブ,銀行振込,愛知県,,595.39,0.00,0.00,595.39
O000178,C00122,2024-11-23,配達完了,ウェブ,クレジットカード,大阪府,,112.81,0.00,5.90,118.71
O000179,C00190,2024-08-14,配達完了,モール,スマホ決済,大阪府,B2B5,567.48,28.37,0.00,539.11
O000180,C00210,2025-01-16,配達完了,モール,コンビニ払い,大阪府,SPRING15,1024.80,153.72,0.00,871.08
O000181,C00069,2025-03-16,処理中,モバイルアプリ,クレジットカード,東京都,,879.21,0.00,0.00,879.21
O000182,C00231,2025-11-15,発送済み,モバイルアプリ,クレジットカード,千葉県,B2B5,921.04,46.05,0.00,874.99
O000183,C00233,2025-12-26,配達完了,モバイルアプリ,スマホ決済,東京都,WELCOME10,1293.96,129.40,0.00,1164.56
O000184,C00082,2025-12-12,配達完了,モバイルアプリ,銀行振込,東京都,SPRING15,1253.80,188.07,0.00,1065.73
O000185,C00030,2024-01-07,配達完了,モバイルアプリ,クレジットカード,大阪府,,1328.37,0.00,0.00,1328.37
O000186,C00082,2025-07-05,キャンセル,ウェブ,クレジットカード,東京都,WELCOME10,34.14,3.41,5.90,36.63
O000187,C00027,2025-01-09,配達完了,ウェブ,クレジットカード,大阪府,,576.81,0.00,0.00,576.81
O000188,C00303,2025-01-12,配達完了,ウェブ,コンビニ払い,千葉県,WELCOME10,563.51,56.35,0.00,507.16
O000189,C00236,2024-02-22,発送済み,モバイルアプリ,銀行振込,神奈川県,,729.42,0.00,0.00,729.42
O000190,C00148,2024-05-16,返品済み,モバイルアプリ,スマホ決済,福岡県,WELCOME10,755.70,75.57,0.00,680.13
O000191,C00076,2024-09-09,配達完了,モバイルアプリ,スマホ決済,東京都,,969.96,0.00,0.00,969.96
O000192,C00181,2024-07-19,配達完了,営業担当,スマホ決済,東京都,,962.19,0.00,0.00,962.19
O000193,C00189,2025-12-13,発送済み,ウェブ,スマホ決済,東京都,,129.40,0.00,5.90,135.30
O000194,C00112,2024-12-02,配達完了,ウェブ,クレジットカード,東京都,WELCOME10,212.41,21.24,0.00,191.17
O000195,C00060,2024-09-09,配達完了,ウェブ,スマホ決済,福岡県,SPRING15,238.51,35.78,0.00,202.73
O000196,C00258,2025-06-20,返品済み,ウェブ,スマホ決済,大阪府,WELCOME10,465.71,46.57,0.00,419.14
O000197,C00245,2025-09-01,配達完了,モバイルアプリ,スマホ決済,東京都,,525.90,0.00,0.00,525.90
O000198,C00177,2025-01-20,配達完了,ウェブ,銀行振込,神奈川県,SPRING15,1443.53,216.53,0.00,1227.00
O000199,C00207,2025-11-03,配達完了,モバイルアプリ,スマホ決済,神奈川県,SPRING15,451.35,67.70,0.00,383.65
O000200,C00168,2025-06-20,配達完了,ウェブ,銀行振込,東京都,FREESHIP,1132.13,0.00,0.00,1132.13
O000201,C00034,2024-08-19,配達完了,モバイルアプリ,クレジットカード,千葉県,,761.01,0.00,0.00,761.01
O000202,C00167,2024-01-20,返品済み,ウェブ,スマホ決済,神奈川県,,784.77,0.00,0.00,784.77
O000203,C00268,2024-09-02,配達完了,モール,スマホ決済,大阪府,VIP20,31.74,6.35,5.90,31.29
O000204,C00006,2024-06-16,配達完了,ウェブ,クレジットカード,愛知県,VIP20,773.57,154.71,0.00,618.86
O000205,C00021,2024-09-25,発送済み,モバイルアプリ,クレジットカード,愛知県,,44.09,0.00,5.90,49.99
O000206,C00094,2025-10-25,キャンセル,ウェブ,コンビニ払い,愛知県,SPRING15,1398.68,209.80,0.00,1188.88
O000207,C00315,2025-03-28,配達完了,ウェブ,クレジットカード,神奈川県,FREESHIP,454.99,0.00,0.00,454.99
O000208,C00085,2024-04-16,配達完了,モバイルアプリ,クレジットカード,大阪府,WELCOME10,76.80,7.68,5.90,75.02
O000209,C00083,2025-04-12,配達完了,ウェブ,クレジットカード,愛知県,VIP20,319.38,63.88,0.00,255.50
O000210,C00197,2024-12-03,配達完了,モバイルアプリ,請求書払い,愛知県,,477.36,0.00,0.00,477.36
O000211,C00324,2024-01-05,配達完了,モバイルアプリ,銀行振込,福岡県,,576.61,0.00,0.00,576.61
O000212,C00194,2024-05-11,配達完了,モバイルアプリ,クレジットカード,神奈川県,WELCOME10,732.08,73.21,0.00,658.87
O000213,C00125,2025-05-17,配達完了,モール,銀行振込,愛知県,B2B5,650.32,32.52,0.00,617.80
O000214,C00032,2025-06-07,配達完了,ウェブ,クレジットカード,北海道,,1312.78,0.00,0.00,1312.78
O000215,C00224,2025-11-05,キャンセル,ウェブ,スマホ決済,神奈川県,,909.82,0.00,0.00,909.82
O000216,C00085,2025-04-23,キャンセル,モバイルアプリ,スマホ決済,大阪府,,909.32,0.00,0.00,909.32
O000217,C00293,2024-12-13,配達完了,ウェブ,クレジットカード,千葉県,,78.81,0.00,5.90,84.71
O000218,C00316,2024-05-28,配達完了,ウェブ,スマホ決済,神奈川県,,1363.43,0.00,0.00,1363.43
O000219,C00141,2024-05-24,配達完了,ウェブ,クレジットカード,東京都,,267.41,0.00,0.00,267.41
O000220,C00202,2025-08-09,キャンセル,モバイルアプリ,クレジットカード,大阪府,,298.58,0.00,0.00,298.58
O000221,C00006,2024-01-19,配達完了,モール,クレジットカード,愛知県,,370.33,0.00,0.00,370.33
O000222,C00005,2025-05-21,発送済み,モバイルアプリ,スマホ決済,東京都,,470.73,0.00,0.00,470.73
O000223,C00293,2025-09-14,配達完了,ウェブ,クレジットカード,千葉県,,306.87,0.00,0.00,306.87
O000224,C00194,2024-05-21,発送済み,ウェブ,スマホ決済,神奈川県,,656.75,0.00,0.00,656.75
O000225,C00161,2024-10-08,処理中,ウェブ,スマホ決済,神奈川県,,135.67,0.00,5.90,141.57
O000226,C00145,2025-08-22,配達完了,ウェブ,クレジットカード,神奈川県,SPRING15,1034.35,155.15,0.00,879.20
O000227,C00019,2024-06-10,処理中,ウェブ,クレジットカード,東京都,VIP20,396.29,79.26,0.00,317.03
O000228,C00199,2025-02-18,配達完了,モール,スマホ決済,北海道,FREESHIP,627.27,0.00,0.00,627.27
O000229,C00205,2024-01-08,配達完了,ウェブ,クレジットカード,北海道,,550.72,0.00,0.00,550.72
O000230,C00168,2024-08-27,配達完了,モバイルアプリ,スマホ決済,東京都,,299.77,0.00,0.00,299.77
O000231,C00055,2025-08-03,キャンセル,ウェブ,クレジットカード,神奈川県,WELCOME10,432.35,43.24,0.00,389.11
O000232,C00158,2024-08-26,配達完了,モバイルアプリ,コンビニ払い,大阪府,,1000.95,0.00,0.00,1000.95
O000233,C00252,2025-02-01,配達完了,ウェブ,クレジットカード,千葉県,WELCOME10,639.24,63.92,0.00,575.32
O000234,C00011,2025-03-24,配達完了,モバイルアプリ,クレジットカード,北海道,,889.07,0.00,0.00,889.07
O000235,C00075,2024-01-11,配達完了,モール,クレジットカード,東京都,B2B5,318.95,15.95,0.00,303.00
O000236,C00343,2024-07-28,配達完了,モバイルアプリ,クレジットカード,福岡県,,946.72,0.00,0.00,946.72
O000237,C00258,2025-06-02,処理中,ウェブ,スマホ決済,大阪府,FREESHIP,1086.62,0.00,0.00,1086.62
O000238,C00059,2025-01-26,配達完了,モバイルアプリ,銀行振込,福岡県,,805.96,0.00,0.00,805.96
O000239,C00261,2025-01-07,配達完了,ウェブ,クレジットカード,福岡県,SPRING15,170.36,25.55,0.00,144.81
O000240,C00235,2025-03-17,配達完了,ウェブ,スマホ決済,神奈川県,,811.89,0.00,0.00,811.89
O000241,C00315,2025-04-06,配達完了,ウェブ,クレジットカード,神奈川県,B2B5,34.37,1.72,5.90,38.55
O000242,C00264,2024-02-04,配達完了,営業担当,スマホ決済,愛知県,FREESHIP,871.01,0.00,0.00,871.01
O000243,C00269,2024-02-11,配達完了,ウェブ,クレジットカード,大阪府,,209.59,0.00,0.00,209.59
O000244,C00105,2025-11-14,配達完了,ウェブ,コンビニ払い,福岡県,WELCOME10,336.94,33.69,0.00,303.25
O000245,C00218,2025-07-03,配達完了,ウェブ,クレジットカード,福岡県,,1192.78,0.00,0.00,1192.78
O000246,C00340,2024-04-25,処理中,ウェブ,クレジットカード,大阪府,WELCOME10,294.32,29.43,0.00,264.89
O000247,C00079,2024-09-14,配達完了,営業担当,クレジットカード,大阪府,,1096.72,0.00,0.00,1096.72
O000248,C00234,2024-08-14,配達完了,モバイルアプリ,クレジットカード,東京都,FREESHIP,1208.08,0.00,0.00,1208.08
O000249,C00273,2025-01-20,配達完了,ウェブ,スマホ決済,福岡県,,1222.69,0.00,0.00,1222.69
O000250,C00028,2025-03-07,配達完了,ウェブ,スマホ決済,千葉県,SPRING15,1079.47,161.92,0.00,917.55
O000251,C00196,2024-02-21,返品済み,ウェブ,クレジットカード,東京都,,1108.35,0.00,0.00,1108.35
O000252,C00088,2024-05-13,配達完了,モバイルアプリ,クレジットカード,東京都,,1447.68,0.00,0.00,1447.68
O000253,C00315,2025-06-03,返品済み,ウェブ,クレジットカード,神奈川県,,1364.43,0.00,0.00,1364.43
O000254,C00202,2025-09-25,キャンセル,モール,クレジットカード,大阪府,WELCOME10,420.40,42.04,0.00,378.36
O000255,C00068,2024-06-17,配達完了,モバイルアプリ,クレジットカード,愛知県,,422.09,0.00,0.00,422.09
O000256,C00105,2024-07-05,配達完了,営業担当,銀行振込,福岡県,SPRING15,1049.33,157.40,0.00,891.93
O000257,C00163,2025-10-21,配達完了,ウェブ,クレジットカード,大阪府,,52.85,0.00,5.90,58.75
O000258,C00205,2024-11-07,配達完了,モール,クレジットカード,北海道,,438.75,0.00,0.00,438.75
O000259,C00108,2024-07-12,配達完了,モール,クレジットカード,東京都,,1300.38,0.00,0.00,1300.38
O000260,C00330,2025-07-23,配達完了,モバイルアプリ,コンビニ払い,北海道,,621.93,0.00,0.00,621.93
O000261,C00295,2025-01-05,配達完了,モール,クレジットカード,千葉県,,755.83,0.00,0.00,755.83
O000262,C00178,2025-02-25,配達完了,ウェブ,銀行振込,東京都,,893.77,0.00,0.00,893.77
O000263,C00155,2024-11-15,配達完了,モバイルアプリ,クレジットカード,東京都,,574.22,0.00,0.00,574.22
O000264,C00236,2024-08-23,配達完了,ウェブ,銀行振込,神奈川県,,1316.01,0.00,0.00,1316.01
O000265,C00162,2024-02-03,処理中,ウェブ,クレジットカード,北海道,,727.68,0.00,0.00,727.68
O000266,C00152,2025-01-29,配達完了,ウェブ,クレジットカード,東京都,,1367.14,0.00,0.00,1367.14
O000267,C00196,2024-06-21,配達完了,モバイルアプリ,スマホ決済,東京都,FREESHIP,589.92,0.00,0.00,589.92
O000268,C00085,2025-09-26,発送済み,ウェブ,クレジットカード,大阪府,,65.16,0.00,5.90,71.06
O000269,C00125,2025-03-27,配達完了,モール,銀行振込,愛知県,FREESHIP,399.57,0.00,0.00,399.57
O000270,C00086,2024-08-30,配達完了,ウェブ,銀行振込,大阪府,,1022.78,0.00,0.00,1022.78
O000271,C00213,2024-02-09,処理中,ウェブ,請求書払い,福岡県,B2B5,1056.77,52.84,0.00,1003.93
O000272,C00152,2024-02-24,配達完了,モバイルアプリ,クレジットカード,東京都,,612.29,0.00,0.00,612.29
O000273,C00014,2024-02-24,配達完了,ウェブ,クレジットカード,愛知県,SPRING15,220.92,33.14,0.00,187.78
O000274,C00214,2025-06-06,キャンセル,モール,スマホ決済,東京都,,916.37,0.00,0.00,916.37
O000275,C00025,2024-08-10,配達完了,モバイルアプリ,スマホ決済,福岡県,,813.81,0.00,0.00,813.81
O000276,C00145,2025-09-10,配達完了,ウェブ,銀行振込,神奈川県,,115.86,0.00,5.90,121.76
O000277,C00281,2024-10-23,配達完了,ウェブ,クレジットカード,千葉県,FREESHIP,842.34,0.00,0.00,842.34
O000278,C00220,2025-11-30,配達完了,モバイルアプリ,クレジットカード,神奈川県,,131.90,0.00,5.90,137.80
O000279,C00253,2024-07-16,配達完了,モール,クレジットカード,大阪府,,95.86,0.00,5.90,101.76
O000280,C00047,2024-10-11,キャンセル,ウェブ,スマホ決済,福岡県,VIP20,662.63,132.53,0.00,530.10
O000281,C00154,2025-04-28,発送済み,モバイルアプリ,クレジットカード,東京都,,888.08,0.00,0.00,888.08
O000282,C00090,2025-08-05,配達完了,モバイルアプリ,クレジットカード,北海道,,487.99,0.00,0.00,487.99
O000283,C00055,2024-04-11,配達完了,ウェブ,スマホ決済,神奈川県,WELCOME10,1308.72,130.87,0.00,1177.85
O000284,C00218,2024-01-31,配達完了,ウェブ,クレジットカード,福岡県,FREESHIP,1362.88,0.00,0.00,1362.88
O000285,C00185,2024-08-29,配達完了,ウェブ,請求書払い,千葉県,,569.72,0.00,0.00,569.72
O000286,C00108,2025-09-22,配達完了,ウェブ,コンビニ払い,東京都,,506.68,0.00,0.00,506.68
O000287,C00055,2025-01-29,発送済み,モール,スマホ決済,神奈川県,B2B5,275.14,13.76,0.00,261.38
O000288,C00281,2024-08-02,発送済み,ウェブ,銀行振込,千葉県,B2B5,968.83,48.44,0.00,920.39
O000289,C00080,2025-01-13,配達完了,モバイルアプリ,スマホ決済,東京都,WELCOME10,815.47,81.55,0.00,733.92
O000290,C00100,2024-04-28,配達完了,ウェブ,請求書払い,愛知県,FREESHIP,1226.51,0.00,0.00,1226.51
O000291,C00097,2025-06-05,配達完了,ウェブ,クレジットカード,大阪府,,119.67,0.00,5.90,125.57
O000292,C00250,2024-11-25,配達完了,モバイルアプリ,銀行振込,大阪府,,1192.04,0.00,0.00,1192.04
O000293,C00266,2024-11-07,配達完了,ウェブ,クレジットカード,北海道,,1357.51,0.00,0.00,1357.51
O000294,C00177,2024-01-07,返品済み,モバイルアプリ,コンビニ払い,神奈川県,VIP20,1442.71,288.54,0.00,1154.17
O000295,C00324,2024-02-20,配達完了,ウェブ,銀行振込,福岡県,WELCOME10,494.00,49.40,0.00,444.60
O000296,C00099,2025-05-13,発送済み,モバイルアプリ,スマホ決済,愛知県,,802.92,0.00,0.00,802.92
O000297,C00150,2025-12-09,返品済み,モバイルアプリ,銀行振込,愛知県,,82.11,0.00,5.90,88.01
O000298,C00073,2025-12-14,配達完了,モバイルアプリ,請求書払い,東京都,,1138.92,0.00,0.00,1138.92
O000299,C00028,2024-03-23,配達完了,ウェブ,スマホ決済,千葉県,,1276.41,0.00,0.00,1276.41
O000300,C00245,2024-05-29,配達完了,ウェブ,コンビニ払い,東京都,,1415.01,0.00,0.00,1415.01
O000301,C00288,2024-01-30,配達完了,ウェブ,スマホ決済,福岡県,,864.01,0.00,0.00,864.01
O000302,C00333,2025-09-09,配達完了,ウェブ,スマホ決済,千葉県,,1270.53,0.00,0.00,1270.53
O000303,C00280,2024-07-24,配達完了,ウェブ,クレジットカード,東京都,VIP20,107.08,21.42,5.90,91.56
O000304,C00047,2025-06-15,配達完了,ウェブ,クレジットカード,福岡県,,1389.78,0.00,0.00,1389.78
O000305,C00063,2025-10-22,返品済み,ウェブ,銀行振込,東京都,SPRING15,898.54,134.78,0.00,763.76
O000306,C00119,2025-12-26,キャンセル,ウェブ,銀行振込,北海道,,667.46,0.00,0.00,667.46
O000307,C00107,2024-09-05,配達完了,ウェブ,クレジットカード,北海道,FREESHIP,278.47,0.00,0.00,278.47
O000308,C00151,2024-04-22,発送済み,ウェブ,スマホ決済,神奈川県,WELCOME10,408.45,40.84,0.00,367.61
O000309,C00170,2024-09-08,配達完了,モバイルアプリ,クレジットカード,神奈川県,VIP20,959.55,191.91,0.00,767.64
O000310,C00090,2025-11-21,配達完了,モバイルアプリ,クレジットカード,北海道,,430.60,0.00,0.00,430.60
O000311,C00308,2024-07-28,配達完了,モバイルアプリ,クレジットカード,東京都,,1344.64,0.00,0.00,1344.64
O000312,C00300,2025-07-07,返品済み,モバイルアプリ,スマホ決済,東京都,,39.34,0.00,5.90,45.24
O000313,C00098,2025-11-09,配達完了,ウェブ,クレジットカード,大阪府,,765.84,0.00,0.00,765.84
O000314,C00267,2025-01-01,返品済み,モバイルアプリ,クレジットカード,東京都,WELCOME10,35.37,3.54,5.90,37.73
O000315,C00078,2025-04-22,配達完了,ウェブ,クレジットカード,神奈川県,,1152.85,0.00,0.00,1152.85
O000316,C00083,2025-05-30,配達完了,ウェブ,銀行振込,愛知県,,185.41,0.00,0.00,185.41
O000317,C00268,2024-10-31,配達完了,モバイルアプリ,スマホ決済,大阪府,SPRING15,1213.81,182.07,0.00,1031.74
O000318,C00316,2024-05-05,配達完了,モール,クレジットカード,神奈川県,,83.11,0.00,5.90,89.01
O000319,C00285,2025-06-23,配達完了,モバイルアプリ,コンビニ払い,東京都,WELCOME10,899.82,89.98,0.00,809.84
O000320,C00242,2024-03-15,キャンセル,ウェブ,スマホ決済,大阪府,,31.76,0.00,5.90,37.66
O000321,C00237,2025-02-02,処理中,ウェブ,コンビニ払い,東京都,SPRING15,1181.40,177.21,0.00,1004.19
O000322,C00283,2025-06-08,配達完了,モバイルアプリ,クレジットカード,北海道,,252.67,0.00,0.00,252.67
O000323,C00074,2024-03-10,配達完了,モール,スマホ決済,北海道,,349.85,0.00,0.00,349.85
O000324,C00010,2024-06-20,発送済み,ウェブ,銀行振込,福岡県,FREESHIP,207.64,0.00,0.00,207.64
O000325,C00061,2024-07-10,配達完了,ウェブ,クレジットカード,神奈川県,,1261.35,0.00,0.00,1261.35
O000326,C00166,2024-12-06,配達完了,モバイルアプリ,クレジットカード,神奈川県,,507.31,0.00,0.00,507.31
O000327,C00272,2025-02-10,発送済み,ウェブ,クレジットカード,東京都,WELCOME10,424.66,42.47,0.00,382.19
O000328,C00069,2025-07-19,キャンセル,モバイルアプリ,コンビニ払い,東京都,,175.97,0.00,0.00,175.97
O000329,C00052,2024-06-17,配達完了,モバイルアプリ,スマホ決済,千葉県,B2B5,1351.96,67.60,0.00,1284.36
O000330,C00273,2024-06-01,配達完了,ウェブ,クレジットカード,福岡県,,717.88,0.00,0.00,717.88
O000331,C00061,2025-10-05,配達完了,モバイルアプリ,クレジットカード,神奈川県,SPRING15,920.97,138.15,0.00,782.82
O000332,C00075,2025-06-19,配達完了,ウェブ,銀行振込,東京都,FREESHIP,70.15,0.00,0.00,70.15
O000333,C00019,2025-06-13,配達完了,モール,クレジットカード,東京都,FREESHIP,690.28,0.00,0.00,690.28
O000334,C00035,2025-06-15,配達完了,ウェブ,クレジットカード,北海道,,43.37,0.00,5.90,49.27
O000335,C00247,2025-08-18,配達完了,ウェブ,銀行振込,千葉県,,368.81,0.00,0.00,368.81
O000336,C00237,2024-09-12,配達完了,ウェブ,クレジットカード,東京都,,572.61,0.00,0.00,572.61
O000337,C00086,2024-10-24,配達完了,モール,銀行振込,大阪府,,1188.30,0.00,0.00,1188.30
O000338,C00272,2024-02-18,配達完了,ウェブ,クレジットカード,東京都,WELCOME10,775.46,77.55,0.00,697.91
O000339,C00254,2025-08-10,配達完了,ウェブ,銀行振込,東京都,B2B5,1146.07,57.30,0.00,1088.77
O000340,C00319,2024-02-03,処理中,営業担当,銀行振込,大阪府,,1176.65,0.00,0.00,1176.65
O000341,C00160,2025-09-26,配達完了,ウェブ,銀行振込,東京都,WELCOME10,542.18,54.22,0.00,487.96
O000342,C00344,2025-06-13,配達完了,ウェブ,クレジットカード,千葉県,,1110.62,0.00,0.00,1110.62
O000343,C00206,2025-11-28,キャンセル,ウェブ,クレジットカード,福岡県,,1385.46,0.00,0.00,1385.46
O000344,C00160,2025-02-21,配達完了,モバイルアプリ,請求書払い,東京都,,757.72,0.00,0.00,757.72
O000345,C00233,2025-12-03,配達完了,モバイルアプリ,コンビニ払い,東京都,,765.60,0.00,0.00,765.60
O000346,C00155,2024-12-21,配達完了,営業担当,スマホ決済,東京都,B2B5,1167.52,58.38,0.00,1109.14
O000347,C00316,2025-03-05,配達完了,モバイルアプリ,クレジットカード,神奈川県,SPRING15,950.69,142.60,0.00,808.09
O000348,C00319,2024-02-11,キャンセル,モバイルアプリ,クレジットカード,大阪府,SPRING15,84.64,12.70,5.90,77.84
O000349,C00012,2025-09-08,配達完了,モバイルアプリ,クレジットカード,大阪府,FREESHIP,1434.32,0.00,0.00,1434.32
O000350,C00096,2025-07-22,配達完了,モール,クレジットカード,福岡県,,1049.84,0.00,0.00,1049.84
O000351,C00067,2024-04-22,返品済み,営業担当,請求書払い,福岡県,,355.35,0.00,0.00,355.35
O000352,C00348,2025-10-25,発送済み,営業担当,クレジットカード,北海道,,665.59,0.00,0.00,665.59
O000353,C00084,2025-09-29,配達完了,モバイルアプリ,クレジットカード,東京都,,498.42,0.00,0.00,498.42
O000354,C00078,2025-05-11,配達完了,営業担当,クレジットカード,神奈川県,WELCOME10,577.99,57.80,0.00,520.19
O000355,C00267,2024-02-15,配達完了,ウェブ,請求書払い,東京都,SPRING15,653.32,98.00,0.00,555.32
O000356,C00023,2024-09-03,配達完了,モバイルアプリ,コンビニ払い,千葉県,SPRING15,919.51,137.93,0.00,781.58
O000357,C00151,2024-06-30,処理中,モバイルアプリ,クレジットカード,神奈川県,SPRING15,526.93,79.04,0.00,447.89
O000358,C00112,2024-02-06,配達完了,営業担当,スマホ決済,東京都,WELCOME10,1169.86,116.99,0.00,1052.87
O000359,C00187,2025-02-12,発送済み,モバイルアプリ,クレジットカード,北海道,SPRING15,1140.44,171.07,0.00,969.37
O000360,C00310,2025-05-25,処理中,モール,銀行振込,東京都,,155.38,0.00,0.00,155.38
O000361,C00224,2024-02-01,配達完了,モール,銀行振込,神奈川県,,1124.77,0.00,0.00,1124.77
O000362,C00192,2025-01-04,配達完了,ウェブ,スマホ決済,東京都,,76.44,0.00,5.90,82.34
O000363,C00151,2024-02-17,配達完了,モール,スマホ決済,神奈川県,B2B5,1087.84,54.39,0.00,1033.45
O000364,C00208,2024-03-09,配達完了,モール,クレジットカード,東京都,VIP20,1088.91,217.78,0.00,871.13
O000365,C00300,2024-09-23,配達完了,モバイルアプリ,クレジットカード,東京都,,185.05,0.00,0.00,185.05
O000366,C00032,2025-09-02,配達完了,ウェブ,銀行振込,北海道,,1032.59,0.00,0.00,1032.59
O000367,C00314,2025-04-17,配達完了,モバイルアプリ,スマホ決済,北海道,,1270.99,0.00,0.00,1270.99
O000368,C00164,2024-09-11,配達完了,モール,スマホ決済,東京都,,169.12,0.00,0.00,169.12
O000369,C00092,2025-03-29,キャンセル,ウェブ,銀行振込,愛知県,SPRING15,937.17,140.58,0.00,796.59
O000370,C00111,2024-12-09,配達完了,モバイルアプリ,クレジットカード,東京都,FREESHIP,1272.46,0.00,0.00,1272.46
O000371,C00241,2025-07-14,配達完了,ウェブ,コンビニ払い,千葉県,,548.28,0.00,0.00,548.28
O000372,C00051,2025-12-24,配達完了,ウェブ,クレジットカード,神奈川県,SPRING15,947.45,142.12,0.00,805.33
O000373,C00188,2025-05-15,配達完了,モバイルアプリ,銀行振込,福岡県,WELCOME10,811.60,81.16,0.00,730.44
O000374,C00220,2024-09-26,配達完了,モール,クレジットカード,神奈川県,,905.55,0.00,0.00,905.55
O000375,C00291,2025-08-04,配達完了,モバイルアプリ,クレジットカード,東京都,FREESHIP,593.15,0.00,0.00,593.15
O000376,C00327,2025-09-04,配達完了,モール,クレジットカード,大阪府,,1205.01,0.00,0.00,1205.01
O000377,C00153,2025-12-06,配達完了,モール,クレジットカード,千葉県,,1157.58,0.00,0.00,1157.58
O000378,C00324,2025-08-25,発送済み,モバイルアプリ,スマホ決済,福岡県,,329.02,0.00,0.00,329.02
O000379,C00086,2024-09-28,配達完了,モバイルアプリ,クレジットカード,大阪府,,513.25,0.00,0.00,513.25
O000380,C00133,2024-09-20,配達完了,ウェブ,コンビニ払い,東京都,,854.23,0.00,0.00,854.23
O000381,C00231,2024-10-12,配達完了,ウェブ,請求書払い,千葉県,,783.00,0.00,0.00,783.00
O000382,C00048,2024-04-10,返品済み,ウェブ,コンビニ払い,千葉県,FREESHIP,873.55,0.00,0.00,873.55
O000383,C00346,2024-03-08,配達完了,モバイルアプリ,スマホ決済,神奈川県,WELCOME10,487.28,48.73,0.00,438.55
O000384,C00198,2024-01-14,配達完了,ウェブ,銀行振込,千葉県,WELCOME10,253.43,25.34,0.00,228.09
O000385,C00193,2024-05-19,配達完了,モバイルアプリ,クレジットカード,東京都,,669.69,0.00,0.00,669.69
O000386,C00133,2025-04-06,処理中,営業担当,請求書払い,東京都,WELCOME10,1275.49,127.55,0.00,1147.94
O000387,C00304,2024-11-14,発送済み,モバイルアプリ,スマホ決済,福岡県,WELCOME10,544.52,54.45,0.00,490.07
O000388,C00018,2024-08-02,返品済み,ウェブ,クレジットカード,愛知県,,141.85,0.00,5.90,147.75
O000389,C00193,2025-06-19,処理中,モバイルアプリ,クレジットカード,東京都,,511.62,0.00,0.00,511.62
O000390,C00064,2024-03-29,配達完了,営業担当,クレジットカード,北海道,VIP20,368.31,73.66,0.00,294.65
O000391,C00244,2024-01-18,発送済み,モール,銀行振込,東京都,,897.50,0.00,0.00,897.50
O000392,C00030,2025-05-19,配達完了,ウェブ,スマホ決済,大阪府,,1240.90,0.00,0.00,1240.90
O000393,C00150,2024-01-27,配達完了,ウェブ,スマホ決済,愛知県,,749.76,0.00,0.00,749.76
O000394,C00166,2025-04-04,配達完了,ウェブ,スマホ決済,神奈川県,,1006.07,0.00,0.00,1006.07
O000395,C00131,2025-03-03,配達完了,ウェブ,銀行振込,北海道,FREESHIP,874.13,0.00,0.00,874.13
O000396,C00160,2024-11-20,キャンセル,モール,スマホ決済,東京都,,129.79,0.00,5.90,135.69
O000397,C00147,2024-09-07,配達完了,モバイルアプリ,スマホ決済,千葉県,WELCOME10,1380.73,138.07,0.00,1242.66
O000398,C00183,2025-12-13,発送済み,ウェブ,クレジットカード,東京都,B2B5,321.29,16.06,0.00,305.23
O000399,C00023,2024-11-06,配達完了,ウェブ,クレジットカード,千葉県,,1083.92,0.00,0.00,1083.92
O000400,C00211,2025-12-26,処理中,ウェブ,スマホ決済,東京都,,1226.83,0.00,0.00,1226.83
O000401,C00338,2024-02-23,配達完了,モバイルアプリ,クレジットカード,大阪府,B2B5,332.87,16.64,0.00,316.23
O000402,C00114,2024-02-28,返品済み,ウェブ,コンビニ払い,北海道,,940.76,0.00,0.00,940.76
O000403,C00229,2025-09-03,配達完了,モバイルアプリ,スマホ決済,神奈川県,,517.34,0.00,0.00,517.34
O000404,C00154,2025-11-30,配達完了,ウェブ,銀行振込,東京都,B2B5,863.74,43.19,0.00,820.55
O000405,C00071,2025-05-05,配達完了,ウェブ,スマホ決済,大阪府,,794.19,0.00,0.00,794.19
O000406,C00136,2025-02-17,発送済み,ウェブ,コンビニ払い,千葉県,SPRING15,282.34,42.35,0.00,239.99
O000407,C00068,2025-06-19,配達完了,モール,スマホ決済,愛知県,,929.14,0.00,0.00,929.14
O000408,C00281,2024-09-27,キャンセル,モバイルアプリ,スマホ決済,千葉県,,334.42,0.00,0.00,334.42
O000409,C00134,2024-11-11,配達完了,ウェブ,スマホ決済,大阪府,,803.75,0.00,0.00,803.75
O000410,C00107,2024-01-15,配達完了,モバイルアプリ,請求書払い,北海道,,118.91,0.00,5.90,124.81
O000411,C00090,2024-06-12,配達完了,ウェブ,コンビニ払い,北海道,,530.96,0.00,0.00,530.96
O000412,C00342,2024-02-20,配達完了,モバイルアプリ,コンビニ払い,愛知県,,771.75,0.00,0.00,771.75
O000413,C00238,2025-08-22,キャンセル,モバイルアプリ,コンビニ払い,千葉県,,49.03,0.00,5.90,54.93
O000414,C00219,2024-01-04,配達完了,モバイルアプリ,コンビニ払い,福岡県,B2B5,224.72,11.24,0.00,213.48
O000415,C00082,2024-10-06,配達完了,モール,請求書払い,東京都,,658.61,0.00,0.00,658.61
O000416,C00146,2024-10-14,配達完了,モバイルアプリ,スマホ決済,福岡県,,903.39,0.00,0.00,903.39
O000417,C00333,2025-10-08,配達完了,モバイルアプリ,スマホ決済,千葉県,,701.75,0.00,0.00,701.75
O000418,C00088,2024-11-28,配達完了,ウェブ,クレジットカード,東京都,,408.86,0.00,0.00,408.86
O000419,C00143,2024-02-12,配達完了,モバイルアプリ,スマホ決済,愛知県,SPRING15,1112.02,166.80,0.00,945.22
O000420,C00007,2025-05-17,配達完了,ウェブ,銀行振込,千葉県,WELCOME10,378.26,37.83,0.00,340.43
O000421,C00199,2024-07-11,発送済み,ウェブ,請求書払い,北海道,SPRING15,173.03,25.95,0.00,147.08
O000422,C00169,2024-11-26,配達完了,モバイルアプリ,スマホ決済,愛知県,WELCOME10,738.50,73.85,0.00,664.65
O000423,C00164,2024-05-04,キャンセル,モール,コンビニ払い,東京都,WELCOME10,550.17,55.02,0.00,495.15
O000424,C00215,2025-08-24,発送済み,ウェブ,銀行振込,東京都,,557.31,0.00,0.00,557.31
O000425,C00014,2025-10-16,配達完了,営業担当,クレジットカード,愛知県,B2B5,821.66,41.08,0.00,780.58
O000426,C00310,2025-02-28,配達完了,モバイルアプリ,銀行振込,東京都,WELCOME10,667.05,66.70,0.00,600.35
O000427,C00257,2025-01-02,配達完了,モール,クレジットカード,福岡県,FREESHIP,120.22,0.00,0.00,120.22
O000428,C00131,2024-06-29,配達完了,ウェブ,スマホ決済,北海道,,1204.44,0.00,0.00,1204.44
O000429,C00293,2025-01-21,処理中,モバイルアプリ,スマホ決済,千葉県,,458.27,0.00,0.00,458.27
O000430,C00234,2024-04-09,キャンセル,ウェブ,スマホ決済,東京都,VIP20,921.60,184.32,0.00,737.28
O000431,C00064,2024-08-31,配達完了,ウェブ,クレジットカード,北海道,SPRING15,780.67,117.10,0.00,663.57
O000432,C00005,2025-04-13,処理中,モバイルアプリ,クレジットカード,東京都,,658.94,0.00,0.00,658.94
O000433,C00021,2025-08-25,キャンセル,営業担当,コンビニ払い,愛知県,,91.93,0.00,5.90,97.83
O000434,C00183,2024-09-20,発送済み,ウェブ,スマホ決済,東京都,SPRING15,114.64,17.20,5.90,103.34
O000435,C00300,2024-09-04,配達完了,モバイルアプリ,スマホ決済,東京都,,996.51,0.00,0.00,996.51
O000436,C00028,2024-11-10,配達完了,モバイルアプリ,クレジットカード,千葉県,,802.32,0.00,0.00,802.32
O000437,C00277,2024-05-21,キャンセル,モバイルアプリ,クレジットカード,福岡県,,1445.08,0.00,0.00,1445.08
O000438,C00308,2024-10-01,配達完了,ウェブ,スマホ決済,東京都,,1446.20,0.00,0.00,1446.20
O000439,C00226,2025-11-27,配達完了,ウェブ,請求書払い,北海道,,862.00,0.00,0.00,862.00
O000440,C00130,2024-04-22,配達完了,モバイルアプリ,請求書払い,北海道,B2B5,974.57,48.73,0.00,925.84
O000441,C00227,2025-05-31,配達完了,ウェブ,スマホ決済,千葉県,,598.77,0.00,0.00,598.77
O000442,C00346,2024-05-13,処理中,モバイルアプリ,スマホ決済,神奈川県,VIP20,447.37,89.47,0.00,357.90
O000443,C00153,2024-04-16,処理中,ウェブ,スマホ決済,千葉県,,483.47,0.00,0.00,483.47
O000444,C00345,2025-12-05,配達完了,ウェブ,クレジットカード,愛知県,FREESHIP,1344.35,0.00,0.00,1344.35
O000445,C00089,2025-11-20,配達完了,モバイルアプリ,クレジットカード,福岡県,,1368.98,0.00,0.00,1368.98
O000446,C00051,2025-08-08,配達完了,モバイルアプリ,銀行振込,神奈川県,,802.12,0.00,0.00,802.12
O000447,C00074,2025-03-28,配達完了,ウェブ,銀行振込,北海道,VIP20,659.07,131.81,0.00,527.26
O000448,C00147,2025-08-22,発送済み,モール,コンビニ払い,千葉県,,259.71,0.00,0.00,259.71
O000449,C00284,2024-10-13,配達完了,モバイルアプリ,クレジットカード,神奈川県,,888.71,0.00,0.00,888.71
O000450,C00117,2025-12-13,返品済み,ウェブ,クレジットカード,福岡県,,1371.02,0.00,0.00,1371.02
O000451,C00013,2025-05-11,配達完了,モバイルアプリ,スマホ決済,千葉県,,511.25,0.00,0.00,511.25
O000452,C00117,2024-04-14,配達完了,モバイルアプリ,スマホ決済,福岡県,,409.91,0.00,0.00,409.91
O000453,C00220,2025-01-03,返品済み,営業担当,コンビニ払い,神奈川県,,1013.01,0.00,0.00,1013.01
O000454,C00284,2025-04-07,配達完了,ウェブ,クレジットカード,神奈川県,,233.56,0.00,0.00,233.56
O000455,C00198,2024-02-14,配達完了,ウェブ,クレジットカード,千葉県,WELCOME10,224.39,22.44,0.00,201.95
O000456,C00253,2024-11-25,配達完了,ウェブ,スマホ決済,大阪府,,1058.82,0.00,0.00,1058.82
O000457,C00111,2025-02-04,発送済み,ウェブ,スマホ決済,東京都,,1038.45,0.00,0.00,1038.45
O000458,C00315,2025-12-27,発送済み,ウェブ,銀行振込,神奈川県,,100.15,0.00,5.90,106.05
O000459,C00021,2024-06-22,配達完了,ウェブ,クレジットカード,愛知県,B2B5,873.09,43.65,0.00,829.44
O000460,C00048,2025-12-23,配達完了,モール,コンビニ払い,千葉県,,516.55,0.00,0.00,516.55
O000461,C00097,2024-06-14,処理中,ウェブ,クレジットカード,大阪府,,822.41,0.00,0.00,822.41
O000462,C00027,2025-09-14,処理中,モール,クレジットカード,大阪府,FREESHIP,1286.40,0.00,0.00,1286.40
O000463,C00283,2025-02-17,配達完了,モバイルアプリ,クレジットカード,北海道,,662.54,0.00,0.00,662.54
O000464,C00210,2025-11-27,配達完了,ウェブ,コンビニ払い,大阪府,,1283.51,0.00,0.00,1283.51
O000465,C00210,2024-04-22,発送済み,ウェブ,クレジットカード,大阪府,,1062.55,0.00,0.00,1062.55
O000466,C00303,2024-04-18,配達完了,ウェブ,銀行振込,千葉県,,427.21,0.00,0.00,427.21
O000467,C00074,2025-05-16,配達完了,モバイルアプリ,クレジットカード,北海道,VIP20,1308.74,261.75,0.00,1046.99
O000468,C00235,2024-06-07,配達完了,モバイルアプリ,請求書払い,神奈川県,WELCOME10,636.62,63.66,0.00,572.96
O000469,C00240,2025-09-21,配達完了,ウェブ,クレジットカード,福岡県,B2B5,423.08,21.15,0.00,401.93
O000470,C00172,2024-11-04,配達完了,モバイルアプリ,スマホ決済,福岡県,,1372.59,0.00,0.00,1372.59
O000471,C00309,2025-07-11,配達完了,モール,クレジットカード,千葉県,,909.51,0.00,0.00,909.51
O000472,C00310,2025-07-02,配達完了,モール,クレジットカード,東京都,,236.13,0.00,0.00,236.13
O000473,C00139,2025-11-28,配達完了,ウェブ,クレジットカード,千葉県,FREESHIP,1154.57,0.00,0.00,1154.57
O000474,C00157,2024-10-27,キャンセル,モバイルアプリ,クレジットカード,東京都,,884.62,0.00,0.00,884.62
O000475,C00091,2025-09-20,配達完了,ウェブ,スマホ決済,愛知県,,207.87,0.00,0.00,207.87
O000476,C00294,2025-05-20,配達完了,ウェブ,スマホ決済,神奈川県,B2B5,601.36,30.07,0.00,571.29
O000477,C00172,2024-01-01,キャンセル,モール,銀行振込,福岡県,WELCOME10,1132.39,113.24,0.00,1019.15
O000478,C00291,2024-10-18,配達完了,ウェブ,銀行振込,東京都,,502.76,0.00,0.00,502.76
O000479,C00282,2024-10-02,配達完了,ウェブ,銀行振込,千葉県,B2B5,1349.81,67.49,0.00,1282.32
O000480,C00133,2025-08-26,キャンセル,ウェブ,請求書払い,東京都,WELCOME10,1445.81,144.58,0.00,1301.23
O000481,C00180,2024-07-04,配達完了,営業担当,銀行振込,東京都,,1338.84,0.00,0.00,1338.84
O000482,C00155,2024-12-23,配達完了,ウェブ,スマホ決済,東京都,FREESHIP,707.82,0.00,0.00,707.82
O000483,C00268,2024-02-16,配達完了,ウェブ,銀行振込,大阪府,,241.02,0.00,0.00,241.02
O000484,C00218,2024-02-17,配達完了,モバイルアプリ,コンビニ払い,福岡県,,239.29,0.00,0.00,239.29
O000485,C00058,2024-11-27,配達完了,ウェブ,スマホ決済,北海道,,1202.41,0.00,0.00,1202.41
O000486,C00059,2025-02-01,配達完了,ウェブ,銀行振込,福岡県,,757.65,0.00,0.00,757.65
O000487,C00224,2025-11-14,発送済み,営業担当,スマホ決済,神奈川県,,578.26,0.00,0.00,578.26
O000488,C00286,2025-08-19,配達完了,ウェブ,銀行振込,神奈川県,WELCOME10,38.30,3.83,5.90,40.37
O000489,C00151,2025-10-08,配達完了,ウェブ,銀行振込,神奈川県,,785.39,0.00,0.00,785.39
O000490,C00310,2025-03-20,キャンセル,モバイルアプリ,銀行振込,東京都,,1241.14,0.00,0.00,1241.14
O000491,C00154,2025-03-04,発送済み,モバイルアプリ,クレジットカード,東京都,,191.39,0.00,0.00,191.39
O000492,C00185,2024-09-19,配達完了,ウェブ,スマホ決済,千葉県,,594.52,0.00,0.00,594.52
O000493,C00089,2024-11-15,処理中,ウェブ,スマホ決済,福岡県,,1071.33,0.00,0.00,1071.33
O000494,C00248,2025-11-30,配達完了,モバイルアプリ,請求書払い,東京都,,243.44,0.00,0.00,243.44
O000495,C00347,2024-11-19,キャンセル,モバイルアプリ,クレジットカード,大阪府,,1333.99,0.00,0.00,1333.99
O000496,C00126,2024-11-26,配達完了,ウェブ,コンビニ払い,神奈川県,FREESHIP,350.92,0.00,0.00,350.92
O000497,C00322,2025-09-29,配達完了,モバイルアプリ,スマホ決済,東京都,WELCOME10,431.21,43.12,0.00,388.09
O000498,C00048,2024-08-04,配達完了,モバイルアプリ,クレジットカード,千葉県,B2B5,608.30,30.41,0.00,577.89
O000499,C00198,2024-11-25,キャンセル,ウェブ,クレジットカード,千葉県,,93.71,0.00,5.90,99.61
O000500,C00227,2025-12-16,配達完了,モバイルアプリ,銀行振込,千葉県,FREESHIP,1155.21,0.00,0.00,1155.21
O000501,C00185,2025-11-24,配達完了,モバイルアプリ,スマホ決済,千葉県,,718.64,0.00,0.00,718.64
O000502,C00088,2025-02-06,配達完了,ウェブ,コンビニ払い,東京都,SPRING15,243.33,36.50,0.00,206.83
O000503,C00249,2024-04-07,配達完了,モバイルアプリ,クレジットカード,東京都,SPRING15,1072.02,160.80,0.00,911.22
O000504,C00092,2025-04-13,発送済み,モバイルアプリ,コンビニ払い,愛知県,SPRING15,546.53,81.98,0.00,464.55
O000505,C00233,2024-12-13,配達完了,ウェブ,スマホ決済,東京都,,26.71,0.00,5.90,32.61
O000506,C00158,2025-04-21,配達完了,モバイルアプリ,クレジットカード,大阪府,,1157.57,0.00,0.00,1157.57
O000507,C00248,2025-12-23,配達完了,モバイルアプリ,スマホ決済,東京都,FREESHIP,252.04,0.00,0.00,252.04
O000508,C00060,2024-07-25,配達完了,モバイルアプリ,銀行振込,福岡県,FREESHIP,141.84,0.00,0.00,141.84
O000509,C00009,2025-10-07,返品済み,営業担当,クレジットカード,東京都,FREESHIP,1398.41,0.00,0.00,1398.41
O000510,C00348,2024-03-29,配達完了,ウェブ,請求書払い,北海道,WELCOME10,316.64,31.66,0.00,284.98
O000511,C00104,2024-08-06,配達完了,モバイルアプリ,コンビニ払い,愛知県,,469.63,0.00,0.00,469.63
O000512,C00251,2024-07-31,配達完了,モバイルアプリ,スマホ決済,福岡県,,471.18,0.00,0.00,471.18
O000513,C00287,2025-12-22,キャンセル,モバイルアプリ,銀行振込,北海道,,856.02,0.00,0.00,856.02
O000514,C00200,2025-08-23,配達完了,ウェブ,クレジットカード,神奈川県,,217.57,0.00,0.00,217.57
O000515,C00221,2025-01-18,配達完了,モバイルアプリ,請求書払い,千葉県,,1045.33,0.00,0.00,1045.33
O000516,C00139,2025-12-22,配達完了,モール,スマホ決済,千葉県,SPRING15,279.42,41.91,0.00,237.51
O000517,C00071,2024-03-01,配達完了,ウェブ,クレジットカード,大阪府,,528.50,0.00,0.00,528.50
O000518,C00029,2025-09-30,処理中,モバイルアプリ,銀行振込,福岡県,,479.20,0.00,0.00,479.20
O000519,C00195,2024-10-25,キャンセル,ウェブ,スマホ決済,大阪府,,543.77,0.00,0.00,543.77
O000520,C00316,2024-09-26,発送済み,ウェブ,スマホ決済,神奈川県,SPRING15,1288.27,193.24,0.00,1095.03
O000521,C00330,2025-10-09,配達完了,ウェブ,コンビニ払い,北海道,FREESHIP,400.13,0.00,0.00,400.13
O000522,C00273,2025-04-17,配達完了,ウェブ,コンビニ払い,福岡県,WELCOME10,1251.43,125.14,0.00,1126.29
O000523,C00188,2025-10-16,配達完了,モバイルアプリ,銀行振込,福岡県,VIP20,372.09,74.42,0.00,297.67
O000524,C00220,2025-09-16,配達完了,ウェブ,スマホ決済,神奈川県,,1055.31,0.00,0.00,1055.31
O000525,C00181,2024-11-02,返品済み,ウェブ,スマホ決済,東京都,FREESHIP,93.68,0.00,0.00,93.68
O000526,C00231,2024-07-16,配達完了,営業担当,スマホ決済,千葉県,FREESHIP,1394.70,0.00,0.00,1394.70
O000527,C00235,2024-08-08,処理中,モバイルアプリ,スマホ決済,神奈川県,B2B5,332.51,16.63,0.00,315.88
O000528,C00134,2024-07-23,発送済み,ウェブ,スマホ決済,大阪府,FREESHIP,973.94,0.00,0.00,973.94
O000529,C00319,2024-09-09,処理中,ウェブ,クレジットカード,大阪府,,530.16,0.00,0.00,530.16
O000530,C00167,2025-08-11,発送済み,モール,クレジットカード,神奈川県,WELCOME10,1058.77,105.88,0.00,952.89
O000531,C00174,2024-07-22,処理中,モバイルアプリ,スマホ決済,神奈川県,,697.73,0.00,0.00,697.73
O000532,C00303,2024-02-05,配達完了,ウェブ,クレジットカード,千葉県,,317.56,0.00,0.00,317.56
O000533,C00150,2025-03-17,配達完了,モバイルアプリ,スマホ決済,愛知県,SPRING15,978.30,146.74,0.00,831.56
O000534,C00261,2024-07-18,配達完了,ウェブ,コンビニ払い,福岡県,FREESHIP,1169.84,0.00,0.00,1169.84
O000535,C00228,2024-08-29,配達完了,ウェブ,クレジットカード,東京都,,309.52,0.00,0.00,309.52
O000536,C00267,2024-07-09,発送済み,営業担当,コンビニ払い,東京都,FREESHIP,1087.28,0.00,0.00,1087.28
O000537,C00004,2025-02-26,配達完了,モバイルアプリ,クレジットカード,神奈川県,FREESHIP,254.63,0.00,0.00,254.63
O000538,C00104,2024-01-09,配達完了,営業担当,クレジットカード,愛知県,,704.63,0.00,0.00,704.63
O000539,C00109,2025-01-04,配達完了,ウェブ,クレジットカード,大阪府,,908.14,0.00,0.00,908.14
O000540,C00121,2025-12-23,配達完了,営業担当,スマホ決済,北海道,,1037.63,0.00,0.00,1037.63
O000541,C00176,2025-01-15,返品済み,ウェブ,コンビニ払い,千葉県,B2B5,1090.77,54.54,0.00,1036.23
O000542,C00258,2025-07-22,配達完了,モバイルアプリ,クレジットカード,大阪府,,45.78,0.00,5.90,51.68
O000543,C00176,2025-08-04,配達完了,モバイルアプリ,銀行振込,千葉県,,142.16,0.00,5.90,148.06
O000544,C00225,2025-01-30,発送済み,モバイルアプリ,スマホ決済,千葉県,,77.42,0.00,5.90,83.32
O000545,C00107,2024-05-23,配達完了,ウェブ,スマホ決済,北海道,,1366.80,0.00,0.00,1366.80
O000546,C00283,2024-06-10,キャンセル,モバイルアプリ,請求書払い,北海道,,690.56,0.00,0.00,690.56
O000547,C00277,2024-11-30,配達完了,モバイルアプリ,スマホ決済,福岡県,,819.25,0.00,0.00,819.25
O000548,C00258,2025-06-05,配達完了,モール,スマホ決済,大阪府,FREESHIP,810.28,0.00,0.00,810.28
O000549,C00310,2025-09-02,配達完了,モバイルアプリ,スマホ決済,東京都,,1088.08,0.00,0.00,1088.08
O000550,C00197,2025-11-19,配達完了,モバイルアプリ,スマホ決済,愛知県,,423.97,0.00,0.00,423.97
O000551,C00261,2025-02-22,配達完了,ウェブ,コンビニ払い,福岡県,,505.33,0.00,0.00,505.33
O000552,C00065,2024-05-23,処理中,ウェブ,スマホ決済,福岡県,,1192.83,0.00,0.00,1192.83
O000553,C00261,2024-03-31,配達完了,モール,スマホ決済,福岡県,,123.25,0.00,5.90,129.15
O000554,C00237,2025-01-19,配達完了,モール,銀行振込,東京都,,892.66,0.00,0.00,892.66
O000555,C00250,2024-04-21,配達完了,ウェブ,コンビニ払い,大阪府,WELCOME10,633.03,63.30,0.00,569.73
O000556,C00166,2024-06-11,配達完了,営業担当,クレジットカード,神奈川県,,961.81,0.00,0.00,961.81
O000557,C00137,2024-05-11,配達完了,モバイルアプリ,銀行振込,愛知県,SPRING15,197.56,29.63,0.00,167.93
O000558,C00126,2025-10-20,配達完了,モバイルアプリ,クレジットカード,神奈川県,,577.07,0.00,0.00,577.07
O000559,C00221,2024-07-24,返品済み,営業担当,クレジットカード,千葉県,,207.90,0.00,0.00,207.90
O000560,C00054,2024-11-28,キャンセル,モバイルアプリ,請求書払い,北海道,VIP20,528.26,105.65,0.00,422.61
O000561,C00210,2024-05-02,配達完了,モール,スマホ決済,大阪府,SPRING15,1307.25,196.09,0.00,1111.16
O000562,C00032,2025-04-29,配達完了,ウェブ,銀行振込,北海道,,1207.74,0.00,0.00,1207.74
O000563,C00178,2024-02-28,配達完了,モール,クレジットカード,東京都,SPRING15,907.71,136.16,0.00,771.55
O000564,C00192,2025-04-19,配達完了,モバイルアプリ,スマホ決済,東京都,,230.48,0.00,0.00,230.48
O000565,C00102,2025-07-16,配達完了,ウェブ,コンビニ払い,千葉県,,1282.23,0.00,0.00,1282.23
O000566,C00061,2024-01-03,配達完了,モバイルアプリ,スマホ決済,神奈川県,WELCOME10,1172.34,117.23,0.00,1055.11
O000567,C00226,2025-09-02,発送済み,モバイルアプリ,クレジットカード,北海道,,168.95,0.00,0.00,168.95
O000568,C00099,2024-02-29,処理中,ウェブ,クレジットカード,愛知県,,384.90,0.00,0.00,384.90
O000569,C00321,2024-02-03,配達完了,営業担当,クレジットカード,愛知県,,1279.52,0.00,0.00,1279.52
O000570,C00157,2024-03-28,配達完了,モール,クレジットカード,東京都,,425.19,0.00,0.00,425.19
O000571,C00025,2024-10-14,配達完了,モバイルアプリ,クレジットカード,福岡県,,1130.40,0.00,0.00,1130.40
O000572,C00199,2025-01-29,キャンセル,モバイルアプリ,スマホ決済,北海道,SPRING15,1261.38,189.21,0.00,1072.17
O000573,C00252,2024-03-13,配達完了,ウェブ,スマホ決済,千葉県,,576.90,0.00,0.00,576.90
O000574,C00272,2025-05-23,配達完了,営業担当,スマホ決済,東京都,VIP20,390.50,78.10,0.00,312.40
O000575,C00060,2025-12-04,配達完了,モバイルアプリ,クレジットカード,福岡県,,498.19,0.00,0.00,498.19
O000576,C00232,2025-07-19,配達完了,ウェブ,クレジットカード,北海道,WELCOME10,1095.84,109.58,0.00,986.26
O000577,C00189,2025-06-24,配達完了,モバイルアプリ,クレジットカード,東京都,,55.10,0.00,5.90,61.00
O000578,C00204,2025-06-12,配達完了,モバイルアプリ,スマホ決済,福岡県,,345.92,0.00,0.00,345.92
O000579,C00060,2024-07-16,配達完了,モバイルアプリ,銀行振込,福岡県,,1067.78,0.00,0.00,1067.78
O000580,C00127,2025-02-22,配達完了,ウェブ,クレジットカード,東京都,,832.21,0.00,0.00,832.21
O000581,C00235,2024-05-22,配達完了,営業担当,スマホ決済,神奈川県,,178.99,0.00,0.00,178.99
O000582,C00297,2024-10-30,発送済み,モバイルアプリ,クレジットカード,北海道,,369.11,0.00,0.00,369.11
O000583,C00088,2025-02-14,配達完了,モバイルアプリ,クレジットカード,東京都,,725.38,0.00,0.00,725.38
O000584,C00263,2024-04-14,配達完了,モバイルアプリ,コンビニ払い,千葉県,,95.85,0.00,5.90,101.75
O000585,C00207,2025-10-12,配達完了,モバイルアプリ,コンビニ払い,神奈川県,,1374.88,0.00,0.00,1374.88
O000586,C00188,2024-12-31,配達完了,ウェブ,クレジットカード,福岡県,WELCOME10,1198.89,119.89,0.00,1079.00
O000587,C00023,2025-04-25,配達完了,ウェブ,コンビニ払い,千葉県,VIP20,44.86,8.97,5.90,41.79
O000588,C00128,2025-10-10,配達完了,ウェブ,銀行振込,東京都,WELCOME10,551.87,55.19,0.00,496.68
O000589,C00057,2025-05-19,配達完了,ウェブ,クレジットカード,東京都,,957.70,0.00,0.00,957.70
O000590,C00200,2025-03-19,キャンセル,モバイルアプリ,クレジットカード,神奈川県,,104.56,0.00,5.90,110.46
O000591,C00040,2024-06-04,配達完了,ウェブ,クレジットカード,東京都,,1421.34,0.00,0.00,1421.34
O000592,C00194,2025-12-15,処理中,ウェブ,クレジットカード,神奈川県,VIP20,403.94,80.79,0.00,323.15
O000593,C00276,2024-01-24,配達完了,モバイルアプリ,請求書払い,東京都,,984.21,0.00,0.00,984.21
O000594,C00249,2024-07-21,配達完了,営業担当,クレジットカード,東京都,WELCOME10,1174.02,117.40,0.00,1056.62
O000595,C00061,2024-02-15,配達完了,ウェブ,クレジットカード,神奈川県,VIP20,195.00,39.00,0.00,156.00
O000596,C00206,2025-09-26,配達完了,ウェブ,スマホ決済,福岡県,,1158.71,0.00,0.00,1158.71
O000597,C00295,2024-08-31,配達完了,ウェブ,クレジットカード,千葉県,,726.10,0.00,0.00,726.10
O000598,C00211,2025-06-18,配達完了,モバイルアプリ,クレジットカード,東京都,,638.75,0.00,0.00,638.75
O000599,C00118,2025-07-23,配達完了,ウェブ,銀行振込,東京都,,493.26,0.00,0.00,493.26
O000600,C00150,2024-08-08,配達完了,ウェブ,銀行振込,愛知県,B2B5,832.35,41.62,0.00,790.73
O000601,C00073,2024-01-31,配達完了,モバイルアプリ,クレジットカード,東京都,,348.03,0.00,0.00,348.03
O000602,C00162,2024-01-05,配達完了,ウェブ,コンビニ払い,北海道,,884.03,0.00,0.00,884.03
O000603,C00224,2024-10-23,処理中,モール,銀行振込,神奈川県,,386.91,0.00,0.00,386.91
O000604,C00237,2024-03-23,配達完了,ウェブ,請求書払い,東京都,,678.10,0.00,0.00,678.10
O000605,C00316,2024-07-01,処理中,モール,クレジットカード,神奈川県,VIP20,410.08,82.02,0.00,328.06
O000606,C00176,2025-05-18,返品済み,ウェブ,スマホ決済,千葉県,FREESHIP,699.09,0.00,0.00,699.09
O000607,C00031,2024-03-27,配達完了,ウェブ,クレジットカード,東京都,,713.55,0.00,0.00,713.55
O000608,C00322,2025-11-10,配達完了,ウェブ,スマホ決済,東京都,,372.58,0.00,0.00,372.58
O000609,C00309,2024-11-11,キャンセル,モバイルアプリ,クレジットカード,千葉県,B2B5,944.19,47.21,0.00,896.98
O000610,C00143,2025-08-18,配達完了,ウェブ,クレジットカード,愛知県,WELCOME10,1247.42,124.74,0.00,1122.68
O000611,C00202,2025-06-29,配達完了,モール,銀行振込,大阪府,,519.49,0.00,0.00,519.49
O000612,C00345,2024-02-18,配達完了,ウェブ,クレジットカード,愛知県,,703.35,0.00,0.00,703.35
O000613,C00144,2025-06-27,配達完了,モバイルアプリ,クレジットカード,大阪府,VIP20,217.97,43.59,0.00,174.38
O000614,C00021,2024-03-22,発送済み,ウェブ,コンビニ払い,愛知県,WELCOME10,1328.06,132.81,0.00,1195.25
O000615,C00238,2024-10-24,配達完了,ウェブ,クレジットカード,千葉県,,535.16,0.00,0.00,535.16
O000616,C00228,2025-07-21,配達完了,モバイルアプリ,銀行振込,東京都,,245.27,0.00,0.00,245.27
O000617,C00300,2025-04-25,配達完了,ウェブ,コンビニ払い,東京都,FREESHIP,481.51,0.00,0.00,481.51
O000618,C00340,2025-01-12,配達完了,モバイルアプリ,銀行振込,大阪府,,1356.06,0.00,0.00,1356.06
O000619,C00321,2025-12-17,配達完了,ウェブ,銀行振込,愛知県,,797.81,0.00,0.00,797.81
O000620,C00132,2024-12-07,キャンセル,モバイルアプリ,コンビニ払い,神奈川県,FREESHIP,1091.81,0.00,0.00,1091.81
O000621,C00114,2025-09-29,配達完了,モバイルアプリ,クレジットカード,北海道,VIP20,653.20,130.64,0.00,522.56
O000622,C00192,2024-02-24,発送済み,ウェブ,クレジットカード,東京都,FREESHIP,482.20,0.00,0.00,482.20
O000623,C00129,2025-01-29,処理中,モバイルアプリ,銀行振込,大阪府,SPRING15,676.16,101.42,0.00,574.74
O000624,C00002,2024-03-12,発送済み,ウェブ,クレジットカード,北海道,FREESHIP,1078.59,0.00,0.00,1078.59
O000625,C00023,2024-11-18,配達完了,営業担当,クレジットカード,千葉県,B2B5,910.99,45.55,0.00,865.44
O000626,C00085,2024-03-22,配達完了,ウェブ,スマホ決済,大阪府,FREESHIP,983.33,0.00,0.00,983.33
O000627,C00120,2025-04-18,発送済み,ウェブ,クレジットカード,福岡県,,1013.56,0.00,0.00,1013.56
O000628,C00224,2024-03-05,配達完了,ウェブ,銀行振込,神奈川県,VIP20,435.79,87.16,0.00,348.63
O000629,C00136,2024-12-02,配達完了,モバイルアプリ,クレジットカード,千葉県,,87.77,0.00,5.90,93.67
O000630,C00228,2025-04-03,返品済み,モバイルアプリ,コンビニ払い,東京都,,187.02,0.00,0.00,187.02
O000631,C00259,2025-08-31,配達完了,モバイルアプリ,クレジットカード,北海道,,452.16,0.00,0.00,452.16
O000632,C00067,2025-06-30,配達完了,ウェブ,請求書払い,福岡県,FREESHIP,1349.52,0.00,0.00,1349.52
O000633,C00187,2024-06-27,発送済み,ウェブ,スマホ決済,北海道,WELCOME10,761.44,76.14,0.00,685.30
O000634,C00021,2024-03-13,配達完了,ウェブ,スマホ決済,愛知県,,231.09,0.00,0.00,231.09
O000635,C00098,2025-09-02,発送済み,モール,クレジットカード,大阪府,,1435.83,0.00,0.00,1435.83
O000636,C00337,2025-12-01,配達完了,ウェブ,スマホ決済,東京都,SPRING15,1220.37,183.06,0.00,1037.31
O000637,C00009,2025-01-23,配達完了,ウェブ,クレジットカード,東京都,WELCOME10,229.71,22.97,0.00,206.74
O000638,C00088,2024-07-25,配達完了,ウェブ,スマホ決済,東京都,,152.72,0.00,0.00,152.72
O000639,C00009,2025-07-05,配達完了,モバイルアプリ,クレジットカード,東京都,WELCOME10,1402.20,140.22,0.00,1261.98
O000640,C00336,2025-01-21,発送済み,モバイルアプリ,スマホ決済,大阪府,,1077.50,0.00,0.00,1077.50
O000641,C00080,2025-11-08,発送済み,モバイルアプリ,請求書払い,東京都,B2B5,1233.09,61.65,0.00,1171.44
O000642,C00117,2024-07-31,発送済み,ウェブ,コンビニ払い,福岡県,B2B5,1051.80,52.59,0.00,999.21
O000643,C00095,2025-09-02,返品済み,モバイルアプリ,請求書払い,福岡県,,962.93,0.00,0.00,962.93
O000644,C00032,2025-10-22,配達完了,モバイルアプリ,コンビニ払い,北海道,FREESHIP,163.60,0.00,0.00,163.60
O000645,C00335,2024-06-17,配達完了,モバイルアプリ,クレジットカード,千葉県,WELCOME10,1188.56,118.86,0.00,1069.70
O000646,C00304,2024-11-09,配達完了,モバイルアプリ,スマホ決済,福岡県,,143.71,0.00,5.90,149.61
O000647,C00186,2025-08-06,配達完了,モール,クレジットカード,千葉県,,163.30,0.00,0.00,163.30
O000648,C00058,2024-08-04,配達完了,モール,スマホ決済,北海道,B2B5,543.56,27.18,0.00,516.38
O000649,C00335,2024-08-14,配達完了,モバイルアプリ,クレジットカード,千葉県,,1064.39,0.00,0.00,1064.39
O000650,C00305,2025-06-20,配達完了,モバイルアプリ,スマホ決済,東京都,B2B5,1074.65,53.73,0.00,1020.92
O000651,C00288,2025-07-16,配達完了,ウェブ,クレジットカード,福岡県,,258.55,0.00,0.00,258.55
O000652,C00022,2025-04-15,配達完了,モール,クレジットカード,福岡県,,1122.13,0.00,0.00,1122.13
O000653,C00289,2025-06-23,配達完了,ウェブ,スマホ決済,北海道,SPRING15,1417.07,212.56,0.00,1204.51
O000654,C00067,2024-06-06,配達完了,モバイルアプリ,クレジットカード,福岡県,,496.94,0.00,0.00,496.94
O000655,C00058,2024-03-02,配達完了,ウェブ,銀行振込,北海道,,1154.24,0.00,0.00,1154.24
O000656,C00048,2024-08-17,配達完了,モバイルアプリ,クレジットカード,千葉県,,1353.36,0.00,0.00,1353.36
O000657,C00010,2025-09-29,配達完了,ウェブ,コンビニ払い,福岡県,WELCOME10,297.87,29.79,0.00,268.08
O000658,C00246,2024-06-15,配達完了,ウェブ,クレジットカード,大阪府,,1177.53,0.00,0.00,1177.53
O000659,C00126,2025-07-14,配達完了,ウェブ,銀行振込,神奈川県,WELCOME10,1306.56,130.66,0.00,1175.90
O000660,C00272,2025-07-26,処理中,ウェブ,クレジットカード,東京都,,448.17,0.00,0.00,448.17
O000661,C00216,2024-12-04,配達完了,モバイルアプリ,クレジットカード,北海道,,1015.48,0.00,0.00,1015.48
O000662,C00348,2025-08-07,配達完了,ウェブ,クレジットカード,北海道,B2B5,37.60,1.88,5.90,41.62
O000663,C00133,2025-10-25,配達完了,ウェブ,請求書払い,東京都,B2B5,555.49,27.77,0.00,527.72
O000664,C00285,2024-09-10,配達完了,ウェブ,スマホ決済,東京都,,852.16,0.00,0.00,852.16
O000665,C00221,2025-08-19,配達完了,モバイルアプリ,請求書払い,千葉県,,480.84,0.00,0.00,480.84
O000666,C00169,2024-07-26,発送済み,モバイルアプリ,銀行振込,愛知県,,732.93,0.00,0.00,732.93
O000667,C00028,2025-11-22,配達完了,ウェブ,スマホ決済,千葉県,SPRING15,1068.74,160.31,0.00,908.43
O000668,C00234,2024-01-14,配達完了,ウェブ,請求書払い,東京都,,431.80,0.00,0.00,431.80
O000669,C00073,2024-09-28,配達完了,ウェブ,スマホ決済,東京都,,752.14,0.00,0.00,752.14
O000670,C00338,2025-10-19,配達完了,ウェブ,クレジットカード,大阪府,FREESHIP,1357.60,0.00,0.00,1357.60
O000671,C00343,2025-02-26,配達完了,モバイルアプリ,コンビニ払い,福岡県,,66.30,0.00,5.90,72.20
O000672,C00335,2025-04-20,配達完了,モバイルアプリ,クレジットカード,千葉県,,185.83,0.00,0.00,185.83
O000673,C00039,2025-12-12,配達完了,ウェブ,スマホ決済,千葉県,VIP20,1127.43,225.49,0.00,901.94
O000674,C00323,2025-10-30,配達完了,モバイルアプリ,クレジットカード,福岡県,,1353.65,0.00,0.00,1353.65
O000675,C00090,2024-06-08,配達完了,ウェブ,請求書払い,北海道,SPRING15,1357.90,203.69,0.00,1154.21
O000676,C00205,2024-08-18,配達完了,モール,クレジットカード,北海道,,115.69,0.00,5.90,121.59
O000677,C00114,2025-01-29,配達完了,モバイルアプリ,クレジットカード,北海道,B2B5,1222.41,61.12,0.00,1161.29
O000678,C00324,2024-10-26,配達完了,ウェブ,クレジットカード,福岡県,WELCOME10,41.03,4.10,5.90,42.83
O000679,C00310,2024-03-27,配達完了,モバイルアプリ,コンビニ払い,東京都,B2B5,502.12,25.11,0.00,477.01
O000680,C00300,2025-12-20,処理中,ウェブ,銀行振込,東京都,,588.08,0.00,0.00,588.08
O000681,C00195,2025-12-26,キャンセル,モール,クレジットカード,大阪府,,712.83,0.00,0.00,712.83
O000682,C00095,2025-11-10,配達完了,モバイルアプリ,請求書払い,福岡県,,329.42,0.00,0.00,329.42
O000683,C00047,2024-12-29,配達完了,モバイルアプリ,銀行振込,福岡県,FREESHIP,230.88,0.00,0.00,230.88
O000684,C00206,2025-12-31,配達完了,モバイルアプリ,クレジットカード,福岡県,VIP20,1345.70,269.14,0.00,1076.56
O000685,C00041,2025-07-13,配達完了,ウェブ,クレジットカード,愛知県,WELCOME10,114.72,11.47,5.90,109.15
O000686,C00155,2025-02-01,配達完了,ウェブ,銀行振込,東京都,,1115.86,0.00,0.00,1115.86
O000687,C00246,2025-09-13,キャンセル,ウェブ,クレジットカード,大阪府,WELCOME10,242.51,24.25,0.00,218.26
O000688,C00320,2024-07-06,配達完了,ウェブ,クレジットカード,東京都,,654.25,0.00,0.00,654.25
O000689,C00348,2025-06-05,配達完了,ウェブ,コンビニ払い,北海道,,1124.69,0.00,0.00,1124.69
O000690,C00111,2024-11-21,配達完了,モール,クレジットカード,東京都,,1393.18,0.00,0.00,1393.18
O000691,C00266,2025-09-16,処理中,モバイルアプリ,銀行振込,北海道,,1039.62,0.00,0.00,1039.62
O000692,C00018,2025-01-18,配達完了,ウェブ,銀行振込,愛知県,,1257.68,0.00,0.00,1257.68
O000693,C00246,2024-02-18,配達完了,ウェブ,スマホ決済,大阪府,,1180.74,0.00,0.00,1180.74
O000694,C00140,2025-11-14,配達完了,営業担当,クレジットカード,愛知県,,593.56,0.00,0.00,593.56
O000695,C00031,2025-07-08,配達完了,ウェブ,銀行振込,東京都,,331.30,0.00,0.00,331.30
O000696,C00173,2024-07-20,配達完了,モバイルアプリ,スマホ決済,愛知県,,402.17,0.00,0.00,402.17
O000697,C00337,2024-07-15,配達完了,ウェブ,コンビニ払い,東京都,,1296.58,0.00,0.00,1296.58
O000698,C00018,2025-03-12,返品済み,モバイルアプリ,クレジットカード,愛知県,VIP20,1008.92,201.78,0.00,807.14
O000699,C00347,2024-06-28,配達完了,ウェブ,銀行振込,大阪府,,542.69,0.00,0.00,542.69
O000700,C00129,2025-06-12,配達完了,ウェブ,クレジットカード,大阪府,FREESHIP,961.61,0.00,0.00,961.61
O000701,C00120,2024-10-10,発送済み,営業担当,クレジットカード,福岡県,,1424.42,0.00,0.00,1424.42
O000702,C00032,2025-10-27,配達完了,モバイルアプリ,クレジットカード,北海道,,549.42,0.00,0.00,549.42
O000703,C00219,2024-04-18,配達完了,ウェブ,スマホ決済,福岡県,,716.80,0.00,0.00,716.80
O000704,C00134,2025-09-18,配達完了,ウェブ,銀行振込,大阪府,FREESHIP,295.89,0.00,0.00,295.89
O000705,C00100,2024-11-14,配達完了,営業担当,クレジットカード,愛知県,WELCOME10,967.95,96.80,0.00,871.15
O000706,C00273,2024-05-16,処理中,ウェブ,クレジットカード,福岡県,,496.91,0.00,0.00,496.91
O000707,C00107,2024-09-04,発送済み,モール,コンビニ払い,北海道,WELCOME10,787.14,78.71,0.00,708.43
O000708,C00168,2024-06-06,配達完了,営業担当,銀行振込,東京都,,700.49,0.00,0.00,700.49
O000709,C00129,2024-08-07,処理中,モバイルアプリ,クレジットカード,大阪府,SPRING15,1374.27,206.14,0.00,1168.13
O000710,C00071,2024-04-12,処理中,モバイルアプリ,クレジットカード,大阪府,,992.45,0.00,0.00,992.45
O000711,C00299,2025-12-27,配達完了,ウェブ,銀行振込,大阪府,FREESHIP,745.99,0.00,0.00,745.99
O000712,C00106,2024-04-20,配達完了,ウェブ,スマホ決済,神奈川県,B2B5,1215.63,60.78,0.00,1154.85
O000713,C00250,2025-11-27,配達完了,ウェブ,請求書払い,大阪府,,1388.54,0.00,0.00,1388.54
O000714,C00124,2024-05-02,返品済み,モール,クレジットカード,千葉県,,1196.11,0.00,0.00,1196.11
O000715,C00291,2024-07-06,配達完了,ウェブ,銀行振込,東京都,,630.01,0.00,0.00,630.01
O000716,C00218,2024-12-15,配達完了,ウェブ,銀行振込,福岡県,,1285.29,0.00,0.00,1285.29
O000717,C00070,2024-12-30,発送済み,ウェブ,クレジットカード,北海道,,704.71,0.00,0.00,704.71
O000718,C00024,2025-10-06,配達完了,営業担当,スマホ決済,福岡県,SPRING15,1261.07,189.16,0.00,1071.91
O000719,C00273,2024-07-07,配達完了,営業担当,クレジットカード,福岡県,,1139.44,0.00,0.00,1139.44
O000720,C00031,2025-10-29,配達完了,モバイルアプリ,スマホ決済,東京都,SPRING15,1378.90,206.84,0.00,1172.06
